Carimbo,Idade,Sexo,TempoDocencia,Graduacao,PosGraduacao,Instituicao,ED1,ED2,ED3,ED4,EE1,EE2,EE3,EE4,IS1,IS2,IS3,CF1,CF2,CF3,CF4,MH1,MH2,MH3,PR1,PR2,PR3,HA1,HA2,HA3,HA4,IC1,IC2,IC3,UsoR,UsoTinkerplots,UsoFathom,UsoExcel,UsoSPSS,UsoCODAP,UsoMinitab,UsoPython,UsoSigmaplot,UsoPSPP,UsoOutros1,Outros1,UsoOutros2,Outros2,UsoOutros3,Outros3
24/11/2023 14:39:51,26,Masculino,0.5,Estatística,Sim,UFPI,5,4,4,4,3,3,4,2,3,3,3,4,4,4,5,4,5,5,5,4,4,4,1,5,4,5,2,5,4,1,1,2,1,1,1,1,1,1,1,Geogebra,,,,
08/12/2023 18:53:43,26,Feminino,2,Licenciatura em Matemática ,Não,Universidade Estadual Vale do Acaraú ,4,5,5,5,4,4,4,4,4,5,5,4,4,4,5,5,5,4,4,4,4,4,2,5,5,5,5,5,5,1,1,5,1,1,1,1,1,1,,,,,,
27/11/2023 18:37:51,28,Masculino,0.5,Ciências atuariais e economia,Sim,Universidade Federal de Lavras,5,5,5,3,4,5,4,5,5,5,4,5,5,4,5,4,5,4,5,5,5,4,1,5,4,5,3,5,5,1,1,4,1,1,1,5,1,,,,,,,
02/12/2023 13:12:42,29,Masculino,1,Engenharia Elétrica,Não,UFRN,5,1,3,4,3,2,2,3,3,4,3,2,2,2,4,4,4,4,5,3,2,2,1,5,2,4,4,4,1,1,1,3,1,1,1,1,1,1,5,Octave,,,,
29/11/2023 10:09:53,30,Feminino,1,Saúde Coletiva,Não,Universidade Federal do Rio de Janeiro,5,5,5,5,2,5,4,2,5,5,5,1,4,5,4,5,5,5,1,2,1,5,1,5,5,5,5,5,1,1,1,4,3,1,1,1,1,1,3,Tabwin,5,TABNET,5,Google Planilhas
07/12/2023 12:12:31,30,Feminino,1,Matemática ,Sim,USP,4,4,2,4,4,4,2,3,4,4,4,3,3,5,3,4,4,4,5,4,5,3,1,4,2,4,4,4,4,1,1,3,1,1,1,1,1,1,1,Bioestat ,,,,
29/11/2023 12:21:52,30,Masculino,2,Ciências Atmosféricas ,Não,UNIFEI,5,5,5,5,5,5,5,5,3,3,3,5,5,5,5,5,5,5,5,5,5,5,1,5,5,5,5,5,1,1,1,5,1,1,1,5,2,1,,,,,,
10/12/2023 19:03:24,30,Masculino,2,Licenciatura em Matemática,Não,Trabalho no IFRJ ,5,3,4,3,4,4,4,4,3,3,3,1,4,4,5,5,4,4,3,3,3,5,1,4,4,5,5,5,2,1,1,5,1,1,1,1,,1,5,GeoGebra,,,,
11/12/2023 14:33:27,30,Masculino,5,Licenciatura em Matemática,Sim,UFPA,5,5,5,5,5,5,5,5,5,3,5,2,5,5,5,5,5,5,3,5,3,5,2,5,5,5,5,5,5,1,1,5,2,1,1,3,1,1,,,,,,
29/11/2023 12:14:54,31,Masculino,1,Economia ,Não,Universidade Federal da Paraíba ,5,5,5,5,5,3,5,5,3,3,4,1,5,5,5,5,5,5,5,3,3,5,1,5,2,5,5,5,5,1,1,5,1,1,1,1,1,1,,,,,,
21/02/2024 13:17:58,31,Masculino,1,Economia,Não,UFRN,4,5,4,3,4,3,3,2,3,4,4,2,3,3,4,4,4,4,1,3,2,2,1,5,1,5,3,4,4,1,1,4,1,1,1,2,1,1,5,Matlab,,,,
27/11/2023 17:59:21,32,Feminino,4,Estatística,Sim,UFSM ,5,3,3,3,5,5,5,5,3,3,3,3,5,5,5,5,5,5,3,3,3,5,2,5,5,5,5,5,5,,,,,,,,,,,,,,,
07/12/2023 10:38:18,32,Masculino,4,Estatística e Enfermagem,Não,Universidade Federal de Goiás,5,5,5,5,5,5,5,5,5,4,5,1,5,5,5,5,5,5,3,5,2,5,2,5,5,5,5,5,5,1,1,5,5,1,4,1,1,1,5,STATA,,,,
17/12/2023 08:36:52,32,Masculino,5,Estatística,Sim,UFMG,5,3,4,5,3,3,2,3,3,3,3,3,4,5,4,4,4,3,4,5,5,2,1,5,2,4,4,4,4,1,1,4,,1,3,,1,1,,,,,,
29/11/2023 15:11:25,32,Feminino,8,Ciências Atuariais,Não,UFRN,3,4,4,3,4,3,2,3,5,5,5,1,4,3,5,1,5,3,3,3,1,5,1,5,5,5,5,5,5,1,1,5,2,,2,2,1,2,3,Stata,,,,
29/11/2023 10:22:33,33,Feminino,1,Matemática ,Não,Ufs ,4,4,2,3,2,4,1,2,5,5,5,1,2,4,5,4,4,2,2,2,2,2,1,5,2,4,4,3,,,,5,,,,,,,,,,,,
21/11/2023 14:55:05,33,Masculino,2,Matemática,Não,IF SUDESTE-MG ,5,4,5,5,5,4,4,5,5,4,5,5,4,5,5,4,5,5,5,4,4,5,2,5,5,5,5,5,3,2,2,3,3,2,2,3,,3,,,,,,
05/12/2023 17:39:02,33,Masculino,3,Engenharia Civil,Não,Universidade Federal do Pará,4,4,4,4,3,2,2,3,4,4,4,3,2,2,4,2,4,3,2,3,3,2,2,4,2,4,3,4,1,1,1,5,1,1,1,1,1,,5,Smath Studio,,,,
07/12/2023 09:08:52,33,Masculino,4,Economia,Sim,Unir,3,3,3,3,3,2,3,3,3,3,3,2,3,3,2,3,3,3,3,2,1,3,1,3,3,3,3,3,4,1,1,3,1,1,1,4,1,1,,,,,,
27/11/2023 08:19:59,33,Feminino,5,Licenciatura em Matemática / Biomedicina ,Não,De atuação ou de pós? Fico confuso. Atuação: a Unirio/ Pós: UFRJ,5,5,5,5,5,5,5,5,3,5,3,1,5,5,5,5,5,5,3,3,3,5,1,5,5,5,5,5,5,1,1,2,1,1,1,1,1,1,5,Plicker,,,,
08/12/2023 20:01:39,33,Masculino,5,Estatística,Sim,UEM ,4,3,4,2,4,4,4,4,3,3,3,2,5,4,4,2,3,3,4,3,3,4,1,2,4,5,3,5,5,1,1,4,2,1,1,1,1,1,,,,,,
18/12/2023 14:03:22,33,Masculino,5,Estatística,Sim,UFRN,3,3,5,4,3,3,4,3,4,4,4,1,2,3,3,4,5,3,3,3,3,4,3,3,4,4,2,4,5,1,1,3,2,1,1,2,1,1,,,,,,
07/02/2024 12:26:06,33,Feminino,5,Estatística,Sim,UFMG,4,3,4,4,5,5,5,5,3,3,3,3,5,5,4,4,5,5,1,3,1,4,1,4,4,4,4,4,4,1,1,2,1,1,1,2,1,1,,,,,,
28/11/2023 23:11:20,33,Feminino,6,Ciências Econômicas,Sim,UFSM,5,5,5,5,5,5,5,5,5,5,5,1,5,5,5,5,5,5,5,5,1,5,4,5,5,5,5,5,5,1,1,3,2,1,1,3,1,1,,,,,,
23/11/2023 16:22:39,33,Feminino,7,Estatística e Biotecnologia,Não,Doutorado em Ciencia da Computação / Leipzig University,5,5,5,5,5,5,5,5,5,5,5,1,5,5,5,5,5,5,1,5,1,5,4,5,5,5,5,5,5,1,1,1,1,1,1,3,1,1,,,,,,
24/11/2023 16:16:06,33,Feminino,9,Estatística,Sim,UNB,5,5,5,5,4,5,4,4,2,2,2,5,4,5,4,5,5,5,5,5,5,5,1,5,5,5,5,5,5,1,1,4,1,,1,,1,1,,,,,,
27/11/2023 14:50:01,34,Feminino,3,Bacharelado em Engenharia Florestal,Não,Universidade Federal do Sul e Sudeste do Pará - Unifesspa,5,5,5,5,5,5,5,5,3,3,3,4,5,5,5,5,4,5,4,5,4,5,1,5,5,5,5,5,5,1,1,5,2,1,1,1,3,1,4,Sisvar,4,Systat,4,Statistica
05/12/2023 10:33:40,34,Masculino,4,Geografia,Não,UFRN,5,3,4,4,4,4,5,4,3,3,3,5,4,5,4,2,4,3,3,5,3,5,2,5,4,5,4,5,5,1,1,5,1,1,1,1,1,1,4,Softwares de SIG como QGIS,,,,
27/11/2023 12:44:36,34,Masculino,5,Medicina veterinária ,Não,Ufcg ,5,5,2,5,5,5,5,5,5,5,5,1,5,5,5,5,5,5,2,4,2,4,2,5,2,4,5,5,,,,5,5,,,,,,5,Bioestat ,,,,
01/12/2023 08:10:43,34,Masculino,5,Ciências Biológicas ,Não,Universidade Federal do Sul e Sudeste do Pará,5,5,5,5,5,4,5,5,5,3,5,3,5,5,5,5,5,5,5,5,3,5,1,5,5,5,5,5,4,1,1,4,1,1,1,1,1,1,,,,,,
08/12/2023 08:49:44,34,Masculino,5,Licenciatura em matemática,Não,UFAL,5,3,5,5,4,4,3,4,4,4,3,1,4,2,5,3,3,3,2,2,1,5,1,5,5,5,4,5,1,1,1,3,1,1,1,,1,1,5,Texstudio,4,Geogebra,5,Screenmarker
29/11/2023 11:17:22,34,Masculino,6,Psicopedagogia ,Não,UFPB ,5,5,5,5,5,4,5,4,5,5,5,3,5,5,4,5,5,5,3,5,3,5,1,5,5,5,5,5,3,1,1,1,5,1,1,1,1,1,5,JASP,,,,
29/11/2023 10:40:32,34,Masculino,10,Matemática ,Não,,5,5,5,5,4,4,5,4,5,3,5,4,4,5,5,5,5,5,4,4,4,5,2,5,5,5,4,4,3,1,1,3,,1,1,3,,,5,Matlab,5,C,5,Fortran
28/11/2023 15:09:34,35,Feminino,2,Enfermagem,Não,Universidade Federal do Sul da Bahia,5,5,5,5,5,5,5,5,5,5,5,3,5,5,3,5,5,5,5,5,3,5,1,5,5,5,5,5,1,1,1,4,1,1,1,1,1,3,5,JAMOVI,,,,
30/11/2023 10:10:51,35,Feminino,6,Odontologia,Não,Universidade Federal do Piauí,5,5,4,4,4,4,4,5,3,4,4,2,4,5,5,5,5,4,4,2,1,5,2,5,4,5,5,5,2,1,1,5,5,1,3,1,3,1,5,JAMOVI,5,BIOESTAT,,
22/11/2023 13:48:55,35,Masculino,9,Estatística,Sim,UFPE,5,5,4,4,4,5,4,4,5,5,5,5,5,5,2,5,5,5,5,5,5,5,1,5,4,5,4,5,5,1,1,4,1,1,1,2,1,1,,,,,,
22/11/2023 19:34:37,35,Masculino,10,Estatística,Não,UFPI,5,5,5,5,5,5,5,4,5,2,3,2,5,5,5,5,5,5,2,5,3,5,2,5,5,5,5,5,5,1,1,4,3,1,1,3,1,1,,,,,,
06/12/2023 09:02:57,35,Masculino,10,Estatística,Sim,ESALQ/USP,4,3,4,4,3,4,4,4,3,4,3,2,4,4,4,3,4,3,3,3,3,4,2,4,4,5,4,5,5,1,1,5,1,1,1,1,1,1,,,,,,
27/11/2023 13:09:24,36,Feminino,1,Engenharia de Agronegócios,Não,,3,1,1,1,5,5,1,5,1,1,1,1,2,3,1,2,3,3,5,1,1,1,1,4,1,3,1,4,2,1,1,5,3,1,1,2,1,1,,,,,,
27/11/2023 13:11:18,36,Masculino,2,Fisioterapia,Não,Unifesspa,4,3,2,2,5,5,5,5,4,3,3,1,5,4,3,3,4,5,3,5,3,3,2,5,3,5,4,5,5,1,1,5,2,1,1,3,1,1,,,,,,
27/11/2023 13:36:12,36,Feminino,4,Zootecnia,Não,Universidade Federal Rural da Amazônia,5,3,5,5,5,4,4,5,3,3,5,1,4,5,5,4,5,5,5,5,3,5,1,5,5,5,5,5,4,1,1,5,1,1,1,1,1,1,,,,,,
28/11/2023 12:16:01,36,Masculino,4,Eng florestal ,Sim,Universidade federal do Tocantins ,4,3,4,4,3,4,4,3,2,2,3,4,4,4,4,3,4,2,4,4,2,3,2,4,2,4,4,4,,,,,,,4,,4,,,,,,,
29/11/2023 20:12:08,36,Masculino,4,Ciências Econômicas,Não,Programa de Pós Graduação em Economia Aplicada/UFV,5,4,3,4,4,4,3,4,4,5,4,3,4,5,5,3,5,4,5,5,3,4,4,4,4,4,5,5,5,1,1,3,3,1,1,1,1,1,3,Stata,,,,
04/12/2023 11:20:50,36,Masculino,5,Bacharelado em ciências biológicas ,Não,Ufpb,5,5,5,5,5,5,3,5,3,3,4,2,5,4,5,4,5,4,4,4,4,5,1,5,4,5,5,5,5,1,1,5,1,1,1,1,2,1,,,,,,
12/12/2023 09:50:40,36,Masculino,5,Estatística,Sim,Universidade Federal do Piauí,5,4,3,3,4,3,3,4,1,1,1,5,4,3,5,3,4,4,5,5,5,1,1,5,3,3,3,3,3,1,1,2,1,1,1,1,1,1,,,,,,
21/11/2023 11:49:26,36,Masculino,6,Matemática ,Sim,Universidade Estadual de Maringá ,5,5,4,5,5,3,3,4,3,3,5,3,5,5,3,5,5,5,3,5,3,5,3,5,5,5,5,5,3,2,2,4,3,2,4,4,2,2,4,Stata,4,Eviews,,
14/12/2023 22:15:11,36,Masculino,7,Matemática,Sim,Doutorando na UFSCAR/USP,5,5,5,5,3,3,3,5,4,5,5,1,5,5,5,3,5,3,1,5,1,5,1,5,5,5,5,5,5,1,1,5,3,1,1,3,1,3,,,,,,
11/12/2023 08:37:56,36,Feminino,8,Enfermagem,Não,EERP/USP,5,5,4,5,5,5,5,5,1,1,1,3,5,5,5,5,5,5,3,3,3,5,1,4,5,5,5,5,3,1,1,5,4,1,1,1,1,1,5,Epiinfo,5,Statistica,3,Stata
22/11/2023 10:28:11,36,Feminino,10,Estatística,Sim,Universidade Federal do Pará,5,4,4,5,4,5,4,4,5,5,5,1,4,5,5,4,5,5,3,5,1,5,1,5,5,5,5,5,3,,,5,3,,,,,3,5,AgroEstat,,,,
22/11/2023 11:54:50,36,Feminino,10,estatística,Sim,Universidade Federal do Amazonas,5,5,5,5,3,5,5,5,5,5,5,2,5,5,4,2,5,4,5,3,3,5,1,5,5,5,5,5,5,1,1,4,1,1,1,1,1,1,,,,,,
07/12/2023 21:17:58,36,Masculino,13,Matemática,Sim,UFSCar,2,3,4,2,4,4,3,4,3,1,1,1,4,4,3,3,2,2,2,2,1,2,1,1,3,2,1,2,4,1,1,4,1,1,1,1,1,1,,,,,,
29/11/2023 16:22:02,37,Masculino,1,Licenciatura Plena Em Matemática ,Não,UNEMAT,4,3,4,3,3,4,4,5,3,2,4,3,4,4,4,3,5,3,3,4,3,4,2,5,3,5,3,5,1,1,1,4,1,1,1,3,1,1,,,,,,
04/12/2023 11:54:08,37,Masculino,2,Biologia,Não,Universidade Federal do Pará,5,5,3,5,5,5,5,5,3,3,3,3,5,5,5,5,5,5,3,3,3,5,2,5,5,5,5,5,5,1,1,5,3,1,1,1,1,1,,,,,,
11/12/2023 08:52:20,37,Masculino,4,Zootecnia,Não,Universidade Federal Rural da Amazônia,4,5,5,4,4,4,4,2,5,5,5,1,4,4,5,5,4,4,2,4,2,4,2,4,4,4,4,4,4,1,1,5,1,1,1,1,1,,1,SAS,,,,
21/11/2023 15:46:52,37,Masculino,5,Economia ,Sim,Universidad Carlos III de Madrid,5,5,4,5,4,5,5,5,5,2,5,5,5,5,3,5,5,5,5,5,5,3,2,5,3,4,4,4,4,,,4,,,,1,,,,,,,,
23/11/2023 12:02:09,37,Masculino,5,Estatística,Sim,UFJF,4,4,4,4,2,4,4,4,3,3,3,5,5,4,3,4,4,3,5,5,5,4,1,4,4,4,3,3,4,1,1,2,1,1,1,1,1,1,,,,,,
05/12/2023 13:33:05,37,Masculino,6,engenharia química,Não,Universidade Federal do Pará,5,5,5,5,5,4,4,5,4,5,5,3,5,5,5,4,4,5,4,2,3,5,3,5,4,5,5,5,,,,3,,,,,,,5,Matlab,,,,
07/12/2023 10:32:28,37,Masculino,6,engenharia florestal,Sim,esalq,5,5,5,5,4,5,4,4,3,3,3,3,4,5,2,5,4,5,3,3,3,5,3,5,5,5,5,5,5,,,5,,,,4,,,4,QGIS,5,Inkscape,3,Julia
07/12/2023 14:47:24,37,Masculino,7,Licenciatura em Ciências Biológicas,Não,Universidade Federal do Pará,5,4,5,4,3,3,2,3,4,5,5,1,2,4,4,3,4,3,4,2,2,4,2,5,4,5,3,5,2,,,5,,,,,,,5,PAST,3,Statistica,,
07/12/2023 18:12:57,37,Feminino,7,Estatistica ,Sim,Universidade Estadual do Vale do Acarau,5,5,3,5,5,4,3,5,4,4,3,3,5,3,5,5,4,4,3,3,3,2,1,5,3,4,4,2,4,1,1,4,1,1,1,1,1,1,,,,,,
04/12/2023 09:50:50,37,Masculino,10,Engenharia Florestal,Não,Universidade do Estado do Amapá,5,5,4,5,5,4,5,5,4,4,5,3,4,5,5,4,4,5,3,3,3,5,1,5,5,5,5,5,5,1,1,3,2,1,2,2,1,1,,,,,,
22/11/2023 12:52:06,37,Masculino,11,Estatística,Sim,UFPE,5,3,5,5,5,5,5,5,1,1,1,1,5,5,5,5,5,5,1,1,1,5,1,5,5,5,5,5,5,1,1,3,3,1,3,3,1,3,,,,,,
30/11/2023 10:00:43,37,Masculino,11,Física,Não,Unifesspa,4,4,4,4,3,4,4,4,3,3,3,3,5,4,4,4,5,3,3,3,3,4,1,5,4,5,3,5,1,1,1,4,1,1,4,4,1,1,,,,,,
22/11/2023 17:06:29,37,Masculino,14,Matemática,Sim,UFSCar,2,1,1,1,2,1,1,5,2,1,1,5,5,5,1,1,2,1,5,5,5,1,1,2,1,5,1,5,3,1,1,1,1,1,1,1,1,1,,,,,,
27/11/2023 21:55:34,38,Masculino,1,Ciências Contábeis,Não,UFPA,5,5,5,5,5,5,5,5,5,5,5,5,5,5,4,5,5,5,5,5,5,5,1,5,5,5,5,5,1,1,1,5,5,1,1,1,1,1,5,STATA,1,NIHIL,1,NIHIL
06/12/2023 17:29:59,38,Feminino,1,Licenciatura em Matemática,Sim,Unesp,4,5,4,4,5,2,2,2,4,4,4,1,1,2,1,2,4,2,1,2,2,2,1,4,2,4,4,4,2,1,1,2,1,1,1,2,1,1,2,Matlab,2,Maple,,
15/12/2023 12:26:53,38,Feminino,1,Geologia,Não,UNESP,5,4,4,4,5,4,5,5,4,4,4,1,4,5,5,5,5,5,1,2,3,5,1,5,5,5,5,5,,,,5,,,5,5,,,1,SGlib,,,,
15/12/2023 07:16:49,38,Masculino,2,Ciências Sociais,Não,USP,5,5,4,4,4,4,4,4,5,5,5,5,4,5,1,4,5,4,4,5,3,5,1,5,5,5,5,5,5,1,1,4,2,1,1,2,1,2,,,,,,
06/12/2023 09:20:44,38,Masculino,3,Geografia,Não,Universidade Federal do Pará,4,3,4,3,2,2,4,2,3,3,3,3,3,5,2,4,3,2,2,4,3,4,1,4,3,5,3,4,3,1,1,5,1,1,2,3,1,1,,,,,,
29/11/2023 10:04:21,38,Feminino,6,Licenciatura em Matemática ,Não,,2,2,3,3,3,2,2,3,2,2,2,2,3,2,2,2,3,2,2,2,2,2,1,3,3,3,3,2,1,1,1,4,1,1,1,3,1,1,,,,,,
29/11/2023 13:04:21,38,Masculino,9,Economia ,Sim,UFPE ,4,4,4,4,3,5,5,3,4,4,4,5,4,4,4,3,4,3,4,5,5,4,1,4,3,5,4,5,4,1,1,4,1,1,1,1,1,1,4,GRETL,,,,
22/11/2023 09:14:14,38,Feminino,11,Estatística,Sim,Ufpi,5,4,4,4,4,5,5,5,5,5,5,4,5,5,4,5,5,5,5,5,5,5,1,5,5,5,5,5,5,1,1,3,3,1,3,3,1,1,,,,,,
26/11/2023 17:47:04,38,Masculino,11,Administração/ Matemática,Sim,UFLA,4,3,4,4,4,3,4,4,3,2,3,1,4,4,4,4,4,4,1,1,1,4,1,4,1,5,4,5,5,1,1,3,1,1,1,4,1,1,,,,,,
20/11/2023 12:40:31,38,Feminino,13,Estatística,Sim,UFPRE e UNESP,5,5,5,5,5,4,4,4,5,1,5,1,4,5,5,5,5,5,3,2,3,5,1,5,5,5,5,5,5,1,1,3,3,1,2,,1,1,,,,,,
30/11/2023 15:21:27,38,Masculino,13,"Engenheria civil, Materiais, Administração e Ciência Contábeis",Não,UFCA,5,5,5,5,5,5,,5,5,5,5,1,5,5,5,5,5,5,5,5,1,5,2,5,5,5,5,5,5,1,1,5,1,1,1,4,1,1,,,,,,
15/12/2023 08:58:55,38,Masculino,13,Agronomia,Não,UFFS,5,5,5,5,4,5,5,4,5,3,3,3,4,5,3,4,5,4,3,3,3,5,1,5,5,5,5,5,5,1,1,5,1,1,1,1,1,2,,,,,,
28/11/2023 19:19:31,39,Feminino,1,Psicologia,Não,"Completei graduação, mestrado e doutorado na Universidade de São Paulo (USP). Dou aula na Universidade Federal do Sul da Bahia (UFSB). Não sei a qual das duas vocês se referiram com a pergunta.",5,1,5,1,5,4,4,4,5,5,5,4,4,5,4,5,5,5,2,2,2,5,1,5,5,5,5,5,1,1,1,4,3,1,1,1,1,4,3,Libre Office,,,,
13/12/2023 15:40:37,39,Feminino,5,Estatística,Sim,Universidade de São Paulo,5,5,5,5,5,5,5,5,5,5,5,3,5,5,5,5,5,5,3,5,3,5,1,5,5,5,5,5,5,1,1,2,2,1,2,2,1,,,,,,,
20/11/2023 13:50:23,39,Feminino,10,Matemática ,Sim,Ufcg,5,4,5,5,4,4,4,5,4,4,4,3,4,5,4,5,5,5,3,3,4,4,4,5,5,4,4,5,3,1,1,4,3,1,1,2,1,1,,,,,,
08/12/2023 23:06:10,39,Masculino,10,Biologia,Não,UFRA,5,5,4,5,4,5,4,5,5,5,5,5,5,5,4,4,4,5,5,5,5,5,1,5,5,5,5,5,5,1,1,4,3,1,2,2,1,1,,,,,,
07/12/2023 16:47:06,39,Masculino,13,Engenharia Florestal,Não,Universidade Federal do Pará,5,5,5,5,4,5,4,4,4,3,4,3,4,5,5,5,,5,3,4,3,4,3,4,5,4,4,4,,,,5,3,,3,,,,5,Bioestat,5,R/ Rstudio,5,Past
18/12/2023 14:54:16,39,Masculino,15,Engenharia de Produção,Não,UFPA,4,5,3,4,4,3,2,3,4,5,4,1,3,5,2,4,5,3,2,2,2,4,2,5,3,4,4,3,,,,4,3,,2,,,,5,Input Analyzer. - Promodel,,,,
21/11/2023 17:02:28,39,Feminino,16,Estatística,Não,UFRGS,5,5,5,5,5,5,4,5,5,5,5,3,5,5,4,4,5,4,3,5,2,5,1,5,5,5,5,5,5,1,1,5,5,1,1,1,1,1,5,SAS,5,PSS Health,,
07/12/2023 13:08:58,40,Masculino,2,Economia,Não,UFRB,,,4,,,4,,4,,3,,5,4,4,,,4,,5,,3,4,1,5,3,5,,5,5,1,1,5,1,1,1,1,1,1,,,,,,
28/11/2023 13:57:35,40,Feminino,7,Química,Não,UFPA,4,3,4,5,4,4,2,4,4,4,3,2,4,4,4,4,5,5,3,2,2,4,2,4,4,4,3,4,5,1,1,5,1,1,5,3,1,1,,,,,,
03/01/2024 15:21:57,40,Masculino,7,Licenciatura em Matemática,Sim,USP,5,5,4,5,5,4,4,5,3,3,3,5,5,5,4,4,5,4,5,5,5,5,2,5,5,5,5,5,5,1,1,2,1,1,1,3,1,1,,,,,,
27/11/2023 15:59:50,40,Masculino,8,Estatística,Sim,UNICAMP / Aarhus University,4,3,3,3,4,4,2,4,3,3,3,1,5,5,4,4,4,5,5,5,3,4,1,5,4,5,4,5,4,1,1,4,1,1,1,1,1,1,,,,,,
21/11/2023 17:42:41,40,Masculino,10,Bacharelado em Estatística e Licenciatura em Matemática,Sim,UFRPE,4,3,5,5,4,4,5,4,4,4,4,3,5,5,1,3,4,5,3,3,3,4,1,4,5,5,3,5,5,1,1,5,2,1,2,4,1,2,,,,,,
05/01/2024 10:08:28,41,Masculino,1,Matemática,Não,Instituto Federal Alagoas - IFAL,5,5,5,5,4,4,4,4,3,4,3,4,4,5,5,4,5,4,2,4,2,4,1,5,5,5,5,5,1,1,1,5,1,1,1,1,1,1,3,Jamovi,,,,
27/11/2023 13:54:46,41,Masculino,2,Ciência da Computação,Não,Universidade Federal do Pará,5,1,2,2,2,5,5,2,3,3,3,5,5,5,1,4,5,5,5,5,5,5,1,5,5,5,5,5,2,1,1,2,1,1,1,5,1,1,5,Google Colab,,,,
04/12/2023 11:02:37,41,Feminino,7,Fisioterapia,Não,UFRN,2,4,4,4,2,4,4,2,3,3,3,2,4,4,2,2,4,4,2,2,2,4,1,4,4,4,4,2,2,1,1,3,4,1,1,2,1,3,,,,,,
28/11/2023 11:54:31,41,Masculino,8,Bacharelado em Física,Não,Universidade Federal do Pará,5,3,5,5,4,4,4,4,3,3,3,3,4,5,4,5,5,5,3,3,3,5,1,5,5,5,5,5,2,1,1,4,1,1,2,1,1,1,4,LabPlot2,,,,
22/11/2023 20:35:27,41,Masculino,12,matemática,Sim,UFRGS,5,4,2,5,5,5,5,5,5,5,4,1,5,5,4,5,5,5,5,3,1,5,1,4,5,5,4,5,5,1,1,4,1,1,1,4,1,1,4,Gretl,4,wolframalpha,,
21/11/2023 20:45:20,41,Masculino,14,Estatística,Sim,Mestrado UFRPE e Doutorado UFPE,5,5,5,5,5,5,5,5,3,3,3,1,5,5,5,5,5,5,2,5,1,5,1,5,5,5,5,5,5,1,1,3,1,1,1,4,1,1,,,,,,
07/12/2023 08:58:10,41,Masculino,15,Ciências Biológicas,Não,Universidade Federal de Goiás,5,5,5,5,5,5,5,5,5,5,5,5,5,5,5,5,5,5,5,5,5,5,1,5,5,5,5,5,5,1,1,5,1,1,1,5,1,1,4,Statistica,4,Systat,5,Softwares que eu mesmo desenvolvo
22/11/2023 14:46:18,42,Masculino,1,Bacharelado em Física,Não,Universidade Estadual de Ponta Grossa,5,4,5,3,2,2,3,3,3,3,3,5,4,5,1,5,5,5,5,5,3,4,1,5,4,5,3,5,1,1,1,3,1,1,1,5,1,1,,,,,,
26/11/2023 16:34:04,42,Feminino,7,Bacharelado em Estatística,Sim,UFSCar,5,5,5,5,4,5,5,4,5,4,5,5,5,5,5,4,5,4,5,5,3,5,1,5,5,5,5,5,5,1,1,3,1,1,1,1,1,1,3,Stan mas com interface via R,,,,
27/11/2023 11:04:45,42,Masculino,10,Economia,Não,ufpa,5,5,5,5,5,4,5,5,5,5,5,4,5,5,4,5,5,5,2,2,2,5,1,5,5,5,5,5,2,1,1,4,4,1,1,1,1,1,5,Stata,5,Eviews,5,Gretl
29/11/2023 10:48:28,42,Masculino,10,psicologia,Não,UFS,5,5,5,5,3,5,4,3,5,5,5,1,5,5,2,3,5,4,2,5,1,5,1,4,5,5,5,5,4,1,1,2,5,1,1,1,1,2,5,jamovi,5,jasp,5,iramuteq
07/12/2023 09:32:12,42,Feminino,10,Estatística,Sim,Instituto federal do Amazonas,2,3,1,5,5,4,5,5,3,2,3,2,5,5,5,5,4,5,3,5,3,2,1,3,2,3,4,3,4,1,1,3,1,1,1,1,1,1,,,,,,
22/11/2023 10:57:45,42,Masculino,12,Estatística,Sim,UFMG,5,5,5,5,4,5,5,5,4,5,4,5,4,5,4,4,5,5,5,4,5,4,1,5,4,5,4,4,5,1,1,3,1,1,1,3,1,1,5,Moodle,,,,
21/11/2023 10:57:16,42,Masculino,13,Bacharelado em Matemática,Sim,USP (graudação) / UFScar (pós-graduação),5,5,3,5,5,5,5,4,5,3,5,5,5,5,5,5,5,5,5,5,5,5,1,5,5,5,5,5,5,1,1,3,1,1,1,1,1,1,3,Jamovi,,,,
21/11/2023 15:11:41,42,Masculino,14,Estatistica,Não,Universidade de Brasilia,5,4,5,5,5,5,5,5,1,1,1,1,5,5,4,5,5,5,3,2,2,5,1,5,5,5,5,5,1,1,1,3,1,1,1,1,1,1,5,SAS,,,,
28/11/2023 10:35:54,42,Feminino,14,Estatística,Não,Universidade Federal de Viçosa,5,4,5,4,2,4,2,2,3,3,3,1,2,4,3,3,5,3,3,3,3,3,1,5,3,5,4,5,5,1,1,3,1,1,1,,1,1,,,,,,
22/11/2023 13:21:54,42,Feminino,15,Estatística,Sim,UFMG,5,4,4,4,4,5,4,4,5,5,5,1,4,5,5,4,5,4,5,5,5,4,1,5,4,5,5,5,5,1,1,5,1,1,4,1,1,1,,,,,,
30/11/2023 00:45:57,42,Feminino,15,Bacharelado em Estatística ,Sim,UFOPA,5,4,4,5,4,5,5,5,3,4,5,2,5,5,4,4,5,5,3,4,3,5,3,5,5,5,5,5,3,1,1,5,3,1,3,1,1,1,4,Bioestat,4,Jamovi,4,Statistics
07/12/2023 20:34:36,42,Masculino,20,Licenciatura em Matemática e Bacharelado em Estatística.,Sim,Universidade de Brasília,4,4,4,4,5,5,3,5,3,3,3,3,5,3,3,4,5,5,3,3,1,4,1,4,5,5,5,5,5,1,1,2,1,1,1,4,1,1,,,,,,
29/11/2023 10:04:01,43,Feminino,2,Nutrição,Não,UnB,4,3,4,2,2,4,2,4,3,3,3,1,4,2,2,2,2,2,1,1,1,2,1,5,2,5,4,5,4,1,1,4,4,1,1,1,1,4,4,Jasp,,,,
28/11/2023 18:05:04,43,Feminino,7,Licenciatura em Matemática e engenharia civil ,Não,,5,5,5,5,5,5,5,5,5,5,5,5,5,5,5,5,5,5,5,5,5,5,1,5,5,5,5,5,5,,,5,,,5,5,,,,,,,,
21/11/2023 15:11:10,43,Masculino,10,licenciatura em matemática,Não,UFRGS,5,3,5,5,5,4,4,5,3,4,3,5,5,5,5,5,5,4,5,5,5,5,2,3,5,5,3,5,5,1,1,1,1,1,1,1,1,1,,,,,,
21/11/2023 21:11:26,43,Masculino,11,Engenharia Agricola,Sim,Universidade Federal de Santa Maria,5,5,5,5,5,5,5,5,5,3,5,5,5,5,5,5,5,5,5,5,5,5,1,5,5,5,5,5,5,,,,,,,,,,,,,,,
27/11/2023 15:19:35,43,Masculino,12,Engenharia Elétrica ,Não,,4,3,4,4,5,5,4,5,3,3,3,3,5,5,1,3,4,3,5,3,3,3,1,4,4,4,4,4,4,1,1,1,1,1,1,4,1,1,,,,,,
29/11/2023 10:25:21,43,Masculino,12,Matemática,Não,Unifesspa,5,4,5,5,4,5,5,4,4,3,3,5,4,5,5,5,5,5,5,5,5,5,1,5,5,5,5,5,1,1,1,5,,,,,,,,,,,,
21/11/2023 17:10:38,43,Masculino,13,Estatística,Sim,"Doutorado UFRJ, Mestrado USP, Gradução UNESP ",5,5,5,5,5,5,5,5,5,5,5,3,5,5,5,5,5,5,3,5,3,5,1,5,5,5,5,5,5,1,1,4,1,1,1,2,1,1,,,,,,
20/11/2023 21:31:35,43,Masculino,15,Matemática aplicada,Sim,Universidade Nova de Lisboa,5,5,5,5,5,5,5,5,5,5,5,5,5,5,5,5,5,5,5,5,5,5,1,5,5,5,5,5,5,1,1,3,2,1,1,2,1,1,,,,,,
21/11/2023 15:34:07,43,Masculino,15,Bacharelado em Matemática,Sim,Pennsylvania State University,5,5,5,5,5,5,5,5,5,5,3,5,5,5,5,5,5,5,5,5,5,5,1,5,5,5,5,5,5,1,1,2,1,1,2,2,1,1,2,SAS,,,,
21/11/2023 18:50:31,43,Masculino,19,Matemática e Ciências Sociais,Sim,UFRJ,5,3,4,5,4,5,4,5,1,3,3,5,5,5,5,5,5,5,5,5,5,4,2,5,5,4,4,4,5,1,1,4,1,1,1,1,1,1,,,,,,
21/11/2023 23:06:55,44,Masculino,2,matemática,Não,UFCAT,1,1,1,1,3,3,1,3,3,3,3,3,3,1,3,1,1,1,3,3,3,1,1,1,1,1,1,1,1,1,1,5,1,1,1,1,1,1,5,miktek,,,,
30/11/2023 12:02:35,44,Masculino,3,Lic. Matemática,Não,,5,2,5,5,5,5,5,5,2,2,2,1,5,5,2,2,5,2,1,5,2,5,2,5,5,5,5,5,5,,,,,,,4,,,5,Kmine,,,5,Orange data mining
04/12/2023 10:47:28,44,Masculino,7,Licenciatura em Matemática,Não,UNEMAT,4,3,2,4,4,4,4,4,3,3,3,4,4,5,5,3,5,4,,5,1,4,1,4,4,5,4,4,4,1,1,5,2,1,4,,2,1,5,Bioestat,5,Geogebra,,
21/11/2023 17:15:33,44,Masculino,8,engenharia mecânica,Não,UFU,5,5,5,5,5,5,5,5,5,5,5,5,,5,5,5,5,5,3,5,3,5,1,5,5,5,5,5,2,2,2,5,2,2,5,5,2,2,,,,,,
05/12/2023 15:33:22,44,Masculino,11,Ciências Biológicas,Não,UFG,5,5,5,5,5,5,5,5,4,3,5,5,5,5,4,5,4,5,5,5,3,4,2,4,5,5,4,5,5,1,1,5,1,1,1,1,1,1,,,,,,
07/12/2023 10:30:51,44,Masculino,13,Matemática,Não,,4,4,3,4,3,2,3,2,3,5,4,1,4,4,1,3,4,3,1,3,1,3,2,4,3,4,4,4,5,1,1,5,2,1,1,1,1,1,,,,,,
07/12/2023 09:26:21,44,Masculino,14,Economia,Não,UFG,5,4,4,4,4,5,5,5,5,5,5,4,5,5,5,5,5,5,5,5,4,5,1,5,5,5,5,5,2,1,1,4,2,1,1,2,1,2,5,Stata,5,Gretl,,
04/02/2024 20:17:00,44,Feminino,14,Biologia,Não,Universidade Federal de Goiás,5,5,5,5,5,5,5,5,5,5,5,5,5,5,5,3,5,3,4,5,3,5,1,5,5,5,5,5,5,1,1,3,1,1,1,1,1,1,,,,,,
22/11/2023 12:45:55,44,Feminino,15,Estatistica,Não,UFES,4,4,5,4,4,4,4,4,3,3,3,2,4,4,5,3,5,4,2,2,2,5,1,4,4,5,3,5,,,,5,3,,,,,,5,Google forms,5,Google classroon,,
21/11/2023 17:51:59,44,Masculino,20,"Agronomia, Matemática, Física",Sim,Universidade Federal de Alfenas,5,5,5,5,5,5,5,5,5,5,5,1,5,5,3,5,5,5,3,3,3,5,1,5,5,5,5,5,5,1,1,2,1,1,1,1,1,1,,,,,,
22/11/2023 12:08:07,44,Feminino,20,ESTATÍSTICA,Não,UFPA,2,4,3,3,2,3,4,2,2,1,3,2,4,2,4,4,4,3,1,1,1,2,1,4,2,2,3,2,2,1,1,4,4,1,2,1,1,1,,,,,,
23/11/2023 17:37:57,44,Feminino,20,Estatística ,Não,UFRGS,5,5,5,5,4,5,5,4,5,4,4,4,5,5,5,5,5,5,5,5,4,5,1,5,5,5,5,5,5,1,1,5,4,1,2,2,1,1,,,,,,
12/12/2023 14:27:02,45,Feminino,2,Ciências Biológicas,Não,UFG,5,5,5,4,4,4,4,4,4,5,4,2,4,5,4,5,5,4,1,4,1,4,1,5,5,4,5,4,4,1,1,5,2,1,1,2,1,1,,,,,,
18/12/2023 22:33:55,45,Masculino,4,Engenharia Elétrica,Não,CEFET,5,4,3,5,5,5,5,5,5,5,4,4,5,5,3,3,5,3,2,4,4,3,1,5,3,5,4,5,1,1,1,5,1,1,1,3,1,1,5,Matlab,,,,
20/11/2023 22:04:58,45,Feminino,8,Economia ,Não,Unila,2,1,1,1,5,3,3,5,1,1,1,1,5,1,3,1,1,1,1,1,1,1,1,1,1,1,1,1,,,,,,,,,,,,,,,,
06/12/2023 19:30:42,45,Feminino,12,Estatística,Sim,UFLA,5,4,5,4,2,5,4,4,5,5,5,3,5,5,4,3,5,4,5,5,2,5,1,5,5,5,5,5,5,,,5,,,,,,,,,,,,
22/11/2023 20:36:17,45,Masculino,13,Estatística,Sim,PUC-Rio,4,3,1,1,4,4,4,5,3,3,3,2,5,5,4,3,4,3,3,3,3,2,1,4,3,3,2,3,1,1,1,3,2,1,2,1,1,1,3,EViews,,,,
28/11/2023 18:29:52,45,Feminino,19,Bacharelado em matemática,Sim,USP,5,4,5,5,4,4,4,4,5,5,5,1,5,4,4,4,5,4,2,5,1,5,1,5,4,5,5,5,5,1,1,5,2,1,2,2,1,1,,,,,,
21/11/2023 15:06:09,45,Masculino,20,Matemática,Sim,UFMG,5,5,5,5,5,5,5,5,5,5,5,2,5,5,5,5,5,5,3,2,2,5,3,5,5,5,5,5,5,1,1,5,2,1,2,4,1,1,3,Compilador para C++,3,Compilador para Fortran,4,Matlab
22/11/2023 20:04:41,45,Masculino,20,Estatística,Não,Universidade Federal Fluminense (instituição em que estou lotado),4,3,4,3,4,5,4,5,3,4,3,3,5,4,4,3,4,3,3,3,3,4,3,4,3,4,3,4,4,1,1,3,2,1,1,1,1,1,,,,,,
30/11/2023 17:56:46,46,Feminino,6,Licenciatura em Matemática,Sim,Unesp _ Bauru _ SP,5,3,5,4,2,4,2,4,3,3,4,1,4,5,4,4,5,4,2,2,2,4,1,5,4,5,4,5,3,1,1,5,2,1,2,1,1,1,,,,,,
27/11/2023 15:36:42,46,Feminino,10,BACHARELADO EM ESTATÍSTICA,Não,UNIVERSIDADE FEDERAL DO PARÁ,5,5,5,5,4,4,4,4,5,3,5,1,4,5,5,5,5,5,4,4,1,5,1,5,4,5,5,5,1,1,1,5,3,1,5,1,1,1,,,,,,
21/11/2023 14:53:21,46,Masculino,12,Estatística,Sim,UFSCar,5,5,5,5,3,5,4,3,5,5,5,1,4,5,3,4,5,4,1,1,1,5,1,5,5,5,5,5,5,1,1,5,2,1,2,1,1,1,,,,,,
22/11/2023 16:24:41,46,Feminino,15,Matemática,Não,UFPE,4,2,4,2,4,4,4,4,4,4,2,2,4,4,5,4,4,4,2,2,2,4,1,4,4,4,2,4,2,1,1,3,1,1,1,1,1,1,,,,,,
07/12/2023 12:42:09,46,Masculino,15,Biologia,Não,UFV,5,4,5,5,5,4,5,5,4,3,3,2,5,5,5,5,5,5,5,4,4,5,1,5,5,5,5,5,3,1,1,4,1,1,1,1,2,1,4,PAST 4.3,4,Stats Tester for Android,4,Analystat for android
21/11/2023 10:37:38,46,Feminino,17,Bacharelado em Estatística,Sim,IME - USP (Universidade de São Paulo),4,3,1,1,2,5,4,3,3,3,3,,2,3,3,4,4,3,,5,,4,1,4,4,4,3,4,4,1,1,3,1,1,1,1,1,,2,SAS,,,,
21/11/2023 16:33:58,46,Feminino,18,Estatística,Sim,UFRJ,5,2,4,5,4,5,5,4,2,3,2,5,4,5,4,4,4,4,5,5,5,5,1,5,5,5,5,5,5,1,1,2,1,1,1,1,1,1,4,OpenBugs,,,,
15/12/2023 08:14:38,47,Masculino,5,Ciências da Computação,Não,Que ensino: CEFET-MG   /   Que fiz minha graduação: UFLA,5,5,5,5,5,5,5,5,3,3,3,3,5,5,3,5,5,5,3,5,3,5,4,5,5,5,5,5,1,1,1,4,1,1,1,5,1,1,5,pandas - Python Data Analysis Library,5,seaborn: statistical data visualization,5,SymPy
05/12/2023 14:30:15,47,Masculino,7,Licenciatura em Matemática UERJ,Não,Universidade Federal Fluminense,4,4,5,4,4,3,2,3,1,1,3,1,4,3,4,4,4,4,3,3,1,4,1,5,3,4,4,3,3,1,1,3,1,1,1,1,1,1,4,CHIC (Classificação Hierárquica Implicativa Coesitiva),,,,
07/12/2023 15:10:34,47,Masculino,10,psicologia,Não,Universidade de São Paulo,5,5,5,5,5,5,5,5,5,5,5,3,5,5,4,5,5,5,3,5,1,5,4,5,,5,5,5,5,,,,,,,5,,,,,,,,
15/12/2023 14:22:50,47,Masculino,12,Ciência da Computação ,Não,UFSC,5,5,5,5,5,4,4,5,4,4,4,1,5,5,4,4,4,4,2,2,1,4,1,4,4,4,4,5,3,1,1,5,3,1,2,4,1,1,,,,,,
29/11/2023 14:57:08,47,Feminino,15,Bacharelado em Matemática,Não,ICMC - USP - São Carlos,5,4,4,4,4,4,4,3,4,4,4,3,2,5,4,4,4,4,3,4,3,4,1,4,4,5,4,5,2,1,1,5,1,1,2,4,,4,3,Geogebra,,,,
29/11/2023 00:02:19,47,Masculino,17,ESTATISTICA,Sim,UFPR,5,5,5,5,5,4,5,5,3,3,5,1,5,5,5,5,5,5,5,5,1,5,1,5,5,5,5,5,5,1,1,5,5,1,3,2,1,1,3,STATISTIC,3,BIOESTATISTICA,3,STATIGRAPHIC
21/11/2023 15:59:29,47,Feminino,18,estatística,Sim,UFRJ e University of Warwick,5,4,4,3,5,5,4,4,5,5,5,1,5,5,5,4,5,4,4,3,3,5,1,5,4,5,5,5,4,1,1,4,1,1,1,1,1,1,,,,,,
29/11/2023 21:47:12,47,Masculino,18,Ciências Biológicas,Não,Universidade Estadual de Mato Grosso do Sul,5,5,5,5,5,4,5,5,,,,5,5,5,5,5,5,5,5,5,5,5,1,5,5,5,5,5,1,1,1,5,1,1,1,1,1,1,5,Bioestat,,,,
22/11/2023 17:49:34,47,Masculino,20,Estatística,Não,UFRRJ,4,4,4,5,4,4,4,5,4,4,4,1,5,5,5,5,5,5,5,4,1,4,1,5,3,4,5,4,5,1,1,3,2,1,2,3,1,3,4,Interface R Commander do R,1,Julia,2,Stata
24/11/2023 18:27:11,47,Feminino,20,MATEMÁTICA,Sim,ufrj,5,4,,4,3,2,4,5,3,4,4,1,4,4,4,5,5,4,4,5,1,4,1,4,4,5,4,4,5,1,1,5,4,1,3,1,1,1,,,,,,
20/11/2023 23:06:50,47,Masculino,21,Ciências e Matemática (Licenciatura),Sim,Universidade Federal de Lavras - UFLA,4,4,4,5,4,5,5,4,3,4,4,1,4,5,4,4,5,4,1,5,1,4,1,4,5,5,4,5,5,1,1,3,2,1,1,1,1,2,3,Bioestat,,,,
07/12/2023 17:54:04,47,Masculino,21,Ciências Atuariais,Sim,Universidade Federal de Pernambuco,5,4,5,5,5,4,4,4,4,4,4,4,4,4,4,3,5,5,4,5,4,5,1,5,5,5,4,5,5,1,1,4,1,1,2,1,1,,1,BrOffice,,,,
05/12/2023 18:29:05,48,Masculino,10,Ciências Biológicas,Não,,5,5,,5,5,5,5,5,5,2,5,1,5,5,5,5,5,5,5,5,5,5,2,5,5,5,5,5,5,1,1,5,1,1,1,1,1,1,5,JAMOVI,3,Biostat,3,Past
23/11/2023 14:32:41,48,Masculino,14,Matemática,Não,,5,4,3,4,2,3,4,1,3,3,3,1,2,4,4,3,4,3,1,1,1,4,1,4,3,4,3,4,3,1,1,5,3,1,1,1,1,1,,,,,,
30/11/2023 16:30:54,48,Feminino,17,Estatística ,Sim,Ufrn,5,5,5,5,3,5,4,4,5,5,5,2,5,5,4,,5,5,2,2,2,5,1,5,5,5,,5,4,1,1,5,2,2,3,5,1,1,1,Power Bi,,,,
13/12/2023 12:56:35,48,Masculino,19,Matemática,Sim,UFMG,5,3,5,5,5,5,5,5,5,5,5,3,5,5,5,5,5,5,3,3,3,5,1,5,5,5,5,5,5,1,1,5,1,1,5,5,1,1,,,,,,
22/11/2023 12:33:11,48,Feminino,20,Bacharelado em Estatística,Sim,IME-USP,5,5,4,5,5,5,5,4,4,4,3,5,4,5,4,5,4,5,5,5,5,5,1,5,5,5,5,5,5,1,1,5,1,1,1,1,1,1,5,JASP,,,,
12/12/2023 12:17:29,49,Masculino,1,Engenharia agronomica,Não,IFAL,5,4,5,5,4,3,3,3,3,3,3,2,2,5,4,4,5,4,2,2,2,4,1,5,4,5,3,5,,,,3,,,,,3,,,,,,,
12/12/2023 20:20:12,49,Feminino,1,contábeis,Não,Universidade Federal de Rondônia,4,3,3,3,5,1,3,5,3,1,3,1,1,1,2,4,5,3,3,3,3,3,1,4,1,4,3,3,1,1,1,5,2,1,1,1,1,1,,,,,,
11/12/2023 09:10:53,49,Masculino,12,Biologia,Sim,USP,5,1,4,3,3,4,3,5,2,4,4,4,5,4,4,5,5,5,2,4,2,3,4,4,5,5,1,5,1,1,1,5,5,1,1,1,1,1,,,,,,
07/12/2023 10:04:54,49,Masculino,14,Engenharia Civil,Não,Universidade de Sao Paulo,5,3,5,5,3,5,5,5,1,1,1,1,5,5,1,5,5,5,1,5,1,5,1,5,5,5,3,5,1,1,1,5,1,1,1,1,1,1,5,BioEstat 5.0,,,,
23/11/2023 18:25:23,49,Masculino,17,Licenciatura em Matemática,Sim,UFPE,5,3,5,4,4,4,3,4,5,4,4,1,5,4,5,3,5,3,1,1,1,4,2,5,5,5,5,4,2,,,5,1,,2,1,,,5,Forecast Pro for Windows (FPW),5,CaterpillasSSA,5,"Gnu Regression, Econometrics and Time-series Library (GRETL)"
21/11/2023 10:53:56,49,Masculino,18,Bacharel em Estatística UFRGS,Sim,UFSM,5,3,5,5,4,5,3,4,5,5,4,2,4,5,3,4,4,3,2,3,2,5,1,3,5,5,4,5,4,1,1,5,4,1,4,1,1,4,4,G*Power,4,Power Equilab,,
22/11/2023 15:18:32,49,Feminino,23,Bacharelado em Estatística,Sim,Universidade Federal de Pernambuco,5,5,5,5,5,,5,5,3,3,3,4,5,5,4,4,4,5,5,5,4,5,1,4,4,5,5,5,5,1,1,3,3,1,3,2,1,1,,,,,,
20/11/2023 09:44:57,50,Masculino,0.5,Licenciatura em Matemática,Não,IFRS,4,1,4,3,3,1,5,3,5,5,5,1,2,4,5,2,5,3,3,5,1,5,1,5,3,5,4,5,1,1,1,3,1,1,1,1,1,1,5,Google planilhas,,,,
07/12/2023 12:25:58,50,Feminino,2.33,Graduação em Matemática,Não,Universidade Federal do Amapá,5,4,4,4,4,4,4,1,1,1,3,4,4,3,5,4,4,4,1,3,4,4,1,5,4,4,4,4,1,1,1,5,3,1,1,1,1,1,3,Plataforma Moodle,3,Google Jamboard,3,Google Classroom 
23/11/2023 16:01:16,50,Feminino,5,Matemática,Não,,3,3,2,3,4,2,4,4,3,3,3,3,4,5,3,3,4,3,3,3,3,3,1,4,1,4,3,3,3,1,1,5,1,1,2,1,1,1,,,,,,
22/11/2023 18:38:56,50,Masculino,19,Licenciatura em Matemática,Sim,UFVJM,4,4,4,4,3,4,4,4,3,3,3,2,3,4,4,4,4,4,4,2,4,3,2,5,4,4,4,4,4,,,,,,,,,,,,,,,
27/11/2023 10:38:36,50,Masculino,20,Pedagogia,Não,,5,5,5,5,4,5,4,5,4,5,5,5,5,5,4,4,5,4,4,4,4,5,2,5,5,5,5,5,2,1,1,5,1,1,1,2,1,1,,,,,,
21/11/2023 07:39:18,50,Feminino,26,Estatística,Sim,Universidade Federal de Minas Gerais,4,4,4,4,4,4,4,4,3,3,4,3,4,4,4,4,4,4,3,3,3,4,2,4,4,4,4,4,5,1,1,5,2,1,2,2,1,1,4,Jamovi,,,,
17/12/2023 22:48:29,50,Masculino,31,Ciências com licenciatura plena em Matemática,Não,,4,4,3,3,3,3,3,4,3,3,4,3,4,3,4,3,4,4,3,3,3,3,3,4,3,4,3,4,1,1,1,4,1,1,1,1,1,1,,,,,,
30/11/2023 14:13:58,51,Masculino,10,Ciências contábeis,Não,UEPA,5,5,4,4,4,5,4,5,4,3,4,2,4,5,5,4,5,5,2,4,2,5,3,5,3,5,5,5,,,,5,3,,,3,,,4,Linguagem R,4,Jamovi,,
26/12/2023 15:39:21,51,Masculino,13,Química Industrial,Não,Pós-graduação (Doutorado)- Universidade Católica de Louvain (Bélgica),5,5,4,5,5,5,3,5,5,5,5,5,5,5,5,4,4,4,5,5,5,5,2,5,4,5,5,5,5,1,1,5,2,1,2,2,1,1,5,Bioestat,,,,
28/11/2023 13:04:49,51,Masculino,20,Bacharelado em Estatística,Sim,IME-USP,3,1,4,3,5,4,5,5,1,1,3,1,5,3,4,5,3,5,5,5,1,1,1,3,3,3,3,2,5,2,2,5,2,2,2,4,2,2,,,,,,
21/11/2023 14:23:38,51,Feminino,26,Estatística,Sim,UNICAMP,5,4,5,4,5,4,4,4,3,3,3,1,2,4,5,5,5,5,2,2,1,4,1,4,4,5,5,5,4,1,1,4,2,1,3,1,1,1,,,,,,
29/11/2023 17:12:30,52,Masculino,18,Agronomia,Não,UFRPE/UFV,5,5,5,5,5,5,5,5,1,1,5,5,5,5,1,5,5,5,3,3,3,5,1,5,5,5,5,5,2,,,5,,,3,,,,5,SAS,,,,
01/12/2023 12:08:45,52,Masculino,18,Engenharias (diversas) e Ciências Atmosféricas ,Não,Universidade Federal de Itajubá (Unifei),5,3,4,5,5,4,4,5,3,3,3,4,4,5,5,5,4,5,3,4,3,5,1,5,4,5,5,5,5,1,1,5,1,1,2,5,1,1,5,Statdisk,,,,
07/12/2023 12:17:09,52,Feminino,23,licenciatura em matemática,Não,Pós doc em estatística UFPE,5,3,3,3,5,5,5,5,3,5,3,3,5,5,3,3,5,5,3,3,3,5,1,5,5,5,5,5,5,1,1,4,1,1,1,5,,1,,,,,,
04/01/2024 12:07:33,52,Feminino,23,Bacharelado em Estatística,Sim,ufrpe,5,5,4,5,2,4,2,2,5,5,5,3,4,5,4,4,5,4,4,4,3,4,1,5,4,5,5,5,2,1,1,4,4,1,3,1,1,1,,,,,,
23/11/2023 10:20:09,52,Feminino,27,Estatística,Sim,UFRGS,5,3,4,3,5,4,5,5,3,3,3,5,5,5,5,5,5,5,5,5,5,5,1,5,5,5,5,5,4,,1,2,2,1,1,1,1,1,4,meta-calculator.com/statistics-calculator,4,statskingdom.com confidence-interval-calculators,,
07/12/2023 13:55:49,53,Feminino,17,"Engenharia Florestal, Veterinária, Zootecnia",Sim,UFRB,5,5,1,3,4,5,4,4,3,3,3,4,5,5,5,5,5,5,3,5,3,5,1,3,5,5,5,5,5,,,5,,,,2,,,2,QGIS,,,,
05/12/2023 16:05:33,53,Masculino,20,Matemática,Não,,5,5,5,4,2,4,2,2,4,4,4,1,4,4,2,4,5,2,2,3,2,5,2,5,5,5,5,5,1,,1,5,1,1,4,4,1,1,4,R,,,,
23/11/2023 16:07:12,53,Feminino,25,Estatística,Não,UFRGS,3,2,3,3,3,5,3,3,3,5,4,1,3,5,5,5,5,3,1,3,1,5,2,5,5,5,4,5,4,1,1,5,5,1,1,1,1,1,5,Art of Stat,5,PSS Health,5,WinPepi
18/12/2023 18:22:56,54,Feminino,13,Tecnólogo em Processamento de Dados,Sim,Universidade Federal de Santa Catarina ,5,5,5,5,5,5,5,5,5,5,5,4,5,5,5,5,5,5,4,4,4,5,4,5,5,5,5,5,1,1,1,4,2,1,1,1,1,4,4,Iramutec,4,Socrative,,
29/11/2023 11:38:35,54,Feminino,20,Engenharia de produção,Não,Instituição do doutorado? Unicamp,5,3,4,4,4,4,4,4,4,4,4,3,5,5,3,5,5,5,3,3,3,5,1,5,5,5,5,5,2,1,1,5,2,2,1,1,1,2,,,,,,
11/12/2023 08:39:38,54,Masculino,21,Administração,Não,UFPB,3,3,4,4,4,3,4,4,4,4,4,4,4,3,4,3,3,4,1,2,2,2,1,4,3,4,3,4,1,1,1,4,3,1,3,2,1,1,1,statistic,,,,
24/11/2023 06:07:35,54,Masculino,26,Estatística,Sim,Universidade Federal do Rio Grande do Norte,5,4,5,5,4,5,4,5,4,3,4,1,5,5,4,4,5,5,1,1,1,5,1,5,5,5,5,5,5,1,1,4,2,1,3,1,1,1,5,"Office (Word, Excel, Powerpoint)",5,Libreoffice,,
22/11/2023 14:56:39,54,Masculino,28,Engenharia Elétrica e Administração,Não,,5,5,5,5,4,4,4,4,5,5,5,4,4,5,4,4,5,4,1,1,1,5,1,5,5,5,5,5,5,1,1,5,3,1,3,1,1,1,5,GPower,,,,
05/12/2023 21:39:12,55,Masculino,5,Psicologia,Não,Universidade Federal do Pará,4,4,4,3,4,4,4,4,3,2,4,2,4,4,4,4,4,4,2,4,2,4,1,4,4,4,4,4,2,1,1,4,4,1,1,1,1,4,,,,,,
05/12/2023 22:26:10,55,Feminino,10,PEDAGOGIA E BIOMEDICINA,Não,UFPA,5,5,5,5,4,5,4,5,4,4,4,4,5,5,5,5,5,5,3,5,4,5,3,5,5,5,5,5,,,,5,,,,,,,5,BIOSTAT,4,STATISTIC,,
21/11/2023 19:39:35,55,Masculino,15,Engenharia Geológica,Não,,4,3,5,4,4,4,5,3,2,3,3,1,5,4,4,3,4,3,3,4,2,2,1,3,3,3,2,3,4,1,2,5,3,1,1,5,1,4,,,,,,
29/11/2023 10:09:03,55,Feminino,25,Bacharelado em ciências estatisticas,Sim,Ufmt,5,5,5,5,5,5,5,5,5,5,5,1,5,5,5,5,5,5,1,1,1,5,3,5,5,5,5,5,2,1,1,4,3,1,4,1,1,1,,,,,,
25/11/2023 21:53:36,55,Masculino,30,Estatística ,Não,,4,4,5,4,4,4,4,4,4,4,4,3,4,5,4,3,5,4,3,4,3,5,2,4,5,5,5,4,4,1,1,5,4,1,1,2,1,1,,,,,,
18/11/2023 16:31:42,56,Feminino,1,Licenciatura e Bacharelado em Matemática,Não,Colégio Pedro II (educação básica) e PEMAT/UFRJ,4,5,5,4,2,4,2,2,5,5,5,5,2,4,4,4,4,4,3,3,3,4,1,5,2,5,5,5,2,2,1,4,1,1,1,1,1,1,5,GeoGebra,5,Google sheet,,
21/11/2023 10:08:59,56,Masculino,4,bacharel matemáticas,Não,UFERSA,5,5,5,5,5,5,4,5,5,5,5,5,5,5,5,5,5,5,5,4,5,5,5,5,5,5,5,5,5,1,1,5,5,,1,1,1,1,5,scilab,5,matlab,,
09/12/2023 17:44:37,56,Masculino,18,CIENCIAS BIOLÓGICAS,Não,UEMASUL,5,4,4,4,5,4,4,5,1,1,4,2,4,5,5,5,5,5,5,4,4,5,3,5,5,5,5,5,4,,,5,,,,,,,5,PAST,5,JAMOVI,5,SISVAR
23/11/2023 14:32:53,56,Feminino,20,Engenharia Civil,Sim,Universidade Aberta de Portugal,5,3,5,5,5,5,5,5,3,3,3,5,5,5,5,5,5,5,5,5,5,5,3,5,5,5,5,5,5,,,,4,,4,3,,,4,"JAMOVI, como opção ao SPSS na área de humanas. ",4,Origin,4,https://artofstat.com/
01/12/2023 18:00:39,56,Masculino,23,Física e Engenharia ,Sim,Mestrado não PUC e doutorado na UNESP ,5,5,5,5,5,5,5,3,5,5,5,3,5,5,4,5,5,5,3,5,3,5,1,5,5,5,5,5,1,1,1,5,1,1,1,1,1,1,4,Eviews,,,,
05/12/2023 15:25:29,56,Feminino,26,Estatística ,Sim,Universidade Federal do Pará ,5,5,5,5,5,5,5,5,5,5,5,3,5,5,5,4,5,5,3,3,3,5,1,5,5,5,5,5,5,1,1,5,3,1,2,2,1,2,3,Stata,,,,
13/02/2024 08:27:18,56,Masculino,32,Matemática,Sim,UFSM,4,5,5,5,4,4,4,4,4,4,4,4,4,4,4,4,4,4,3,4,3,4,3,5,5,4,4,4,2,1,1,5,4,1,1,3,2,1,5,Statistica,5,Eviews,,
27/11/2023 14:03:46,57,Masculino,20,Matemática,Não,,5,4,5,5,5,5,5,5,5,4,5,3,5,5,5,5,4,5,5,5,4,5,1,5,5,5,5,5,5,1,1,5,3,1,3,5,1,1,,,,,,
22/11/2023 17:11:11,57,Feminino,33,Estatística,Sim,ESALQ/USP,5,3,5,5,5,4,3,5,5,5,5,3,5,5,5,3,5,5,3,3,3,5,1,5,5,5,5,5,,,,4,,,,,,,5,Plataforma Moodle - Educação a Distância,,,,
27/11/2023 11:15:37,57,Masculino,34,Economia ,Não,UFPE ,5,5,5,5,5,5,5,5,5,5,5,3,5,5,5,5,5,5,3,3,3,5,3,5,5,5,5,5,4,1,1,4,1,1,1,4,1,1,,,,,,
21/11/2023 17:14:43,58,Masculino,25,Estatística ,Sim,UFRJ ,4,3,4,4,3,4,4,4,2,2,2,3,4,5,5,4,4,5,2,2,2,4,2,4,4,5,5,4,3,1,1,3,1,1,1,2,,1,4,Statistica,,,,
08/12/2023 15:17:01,58,Masculino,25,Bacharelado em Estatística,Não,UFF,5,4,4,5,5,4,4,4,4,5,4,1,4,4,3,5,5,5,3,3,3,5,1,5,5,5,5,5,1,1,1,5,1,1,1,1,1,1,,,,,,
01/12/2023 13:04:32,58,Masculino,26,Engenharia Elétrica,Não,UFMG,5,5,5,5,5,5,5,5,5,5,5,5,5,5,5,5,5,5,5,5,5,5,1,5,5,5,5,5,5,1,1,5,2,1,2,1,1,1,,,,,,
22/11/2023 14:35:49,58,Masculino,33,Matemática,Sim,"Escola Superior de Agricultura ""Luiz de Queiroz"" - USP",5,1,1,4,5,5,4,5,3,3,3,1,5,5,4,3,5,3,5,5,5,5,1,5,5,5,5,5,5,1,1,4,1,1,1,1,1,1,,,,,,
15/12/2023 10:11:58,58,Masculino,34,Sou formado em estatística e também em matemática,Sim,Mestrado no IMPA e doutorado no IME/USP,5,5,5,5,5,5,5,5,5,5,5,2,5,5,5,5,5,5,2,2,1,5,1,5,5,5,5,5,5,1,1,2,1,1,1,,1,1,,,,,,
02/12/2023 12:56:37,58,Masculino,35,Economia ,Não,UFSC,1,1,1,3,5,3,4,4,1,1,1,1,5,3,5,1,5,5,1,1,1,4,1,4,3,4,1,4,1,1,1,4,1,1,1,4,1,1,1,Rstudio,,,,
18/11/2023 16:26:15,59,Feminino,2,Matemática e Ciências da Computação,Não,Universidade Cruzeiro do Sul,2,2,2,2,4,4,1,4,1,5,1,1,4,4,5,2,4,2,2,1,1,4,2,4,4,4,4,4,4,1,2,5,1,1,2,1,1,1,,,,,,
27/11/2023 13:45:41,59,Masculino,20,PEDAGOGIA,Não,Universidade Federal do Pará ,5,4,5,5,4,5,4,5,5,4,5,4,4,5,5,4,5,5,5,5,3,5,4,5,5,5,5,5,4,4,4,5,4,4,4,4,2,4,,,,,,
12/01/2024 17:47:12,59,Feminino,32,Bacharelado em Estatística,Sim,"UFSCar - Bacharel em Estatística, IM-UFRJ - Mestrado em Estatística,  IME-USP - Doutorado em Estatística",5,5,4,5,5,5,5,5,1,3,5,1,5,5,5,5,5,5,5,5,1,5,1,5,5,5,5,5,5,1,1,4,2,1,2,1,1,3,5,JAMOVI,,,,
05/12/2023 14:49:18,60,Masculino,12,Engenharia Eletrônica,Não,ITA - Instituto Tecnológico de Aeronáutica,5,5,5,5,5,5,5,5,3,3,3,1,5,5,2,2,5,2,3,5,5,5,1,5,5,5,5,5,1,1,1,3,1,1,1,1,1,1,5,OCTAVE,5,C++ Code Bloks,5,MPI
29/11/2023 09:40:29,60,Masculino,15,geografia,Não,,5,5,5,5,5,5,5,5,1,1,5,1,5,5,1,4,5,5,5,5,4,5,4,5,5,5,5,5,1,1,1,1,5,1,1,1,1,1,5,google,,,,
05/12/2023 13:19:35,60,Feminino,20,Matemática ,Sim,"Ufn, UNESP ",2,3,3,3,2,3,2,2,2,2,2,2,2,2,3,3,2,3,1,2,2,3,4,3,3,3,3,3,3,1,1,5,2,1,2,1,1,1,,,,,,
21/11/2023 17:39:11,60,Masculino,30,Bacharelado em Estatística,Sim,Instituto Militar de Engenharia,5,5,5,5,5,5,5,5,5,4,5,1,5,5,4,5,5,5,1,2,1,5,1,5,5,5,5,5,5,1,1,5,5,1,2,3,1,5,,,,,,
21/11/2023 14:48:58,60,Masculino,31,Estatística,Sim,University of Washington,4,3,2,3,2,4,3,3,3,3,3,2,3,4,3,4,5,3,5,5,5,3,2,4,2,4,3,4,5,1,1,2,1,1,1,1,1,1,,,,,,
07/12/2023 19:47:56,60,Masculino,31,Estatística,Sim,University of Washington,4,4,4,4,2,5,4,2,4,4,4,1,4,5,2,4,5,4,3,5,2,3,2,4,2,5,4,5,4,1,1,2,1,1,1,1,1,1,,,,,,
21/11/2023 10:04:38,60,Masculino,35,Estatistica,Sim,USP,5,4,4,5,4,5,4,4,3,3,3,4,4,4,2,4,5,4,4,4,4,4,2,4,4,4,4,4,4,1,1,4,2,1,2,3,1,1,4,Mathematica,,,,
09/12/2023 19:01:49,61,Masculino,2,ESTATÍSTICA,Sim,IME-USP,4,2,4,2,2,4,2,2,4,3,4,1,2,4,4,2,4,2,3,2,1,2,2,4,2,4,4,4,4,1,1,4,3,1,4,3,3,3,1,STATISTICA,,,,
15/12/2023 14:48:21,61,Masculino,20,"Engenharia de Alimentos, Economia e Ciências Biológicas",Não,UFFS - Campus Laranjeiras do Sul,5,1,4,5,5,5,4,4,4,4,4,5,4,5,5,4,5,5,5,4,5,4,1,4,5,4,4,4,3,1,2,5,3,1,4,4,1,1,5,JAVA,5,JAVA,5,JAVA
20/11/2023 11:08:05,61,Feminino,33,Bacharelado e Licenciatura em Matemática,Sim,Instituto de Matemática - UFRJ,5,4,3,4,4,5,5,4,3,3,3,3,4,5,5,3,5,3,3,5,3,5,1,5,5,4,4,5,5,1,1,5,2,1,2,1,1,1,5,GeoGebra,5,Google Planilha,,
21/11/2023 21:31:38,61,Masculino,36,Estatística,Sim,UFSCar,5,1,2,2,5,5,2,5,,5,5,,5,4,5,4,5,5,,,,5,1,5,5,5,5,5,5,1,1,4,2,1,3,4,2,1,4,SAS,4,SQL,,
07/12/2023 09:50:37,62,Masculino,15,Educação Física,Não,UNIVERSIDADE FEDERAL DE RONDÔNIA,5,5,5,5,4,5,5,5,4,2,5,1,5,5,5,5,4,5,1,5,1,5,1,5,5,5,5,5,,,,5,5,,,,,,5,stata,,,,
28/11/2023 08:03:15,62,Masculino,27,Engenharia Florestal ,Sim,UFRPE ,3,3,3,3,3,3,2,2,2,3,2,2,2,3,2,3,3,2,2,2,2,2,2,2,2,2,3,2,1,1,1,4,1,1,3,1,1,1,3,GS+,,,,
29/11/2023 15:47:48,62,Masculino,35,Matemática Bach,Não,Ufrj,5,5,5,5,5,5,5,5,5,5,5,1,5,4,4,3,5,3,4,2,1,2,1,5,4,5,5,5,3,1,1,3,2,1,2,1,1,1,4,Matlab,4,Scilab,4,Intel fortran
06/12/2023 17:12:08,63,Masculino,30,Bacharel em Estatística,Sim,Sheffield University,5,5,4,4,3,4,4,4,5,5,4,5,4,5,5,4,5,4,5,5,5,4,1,5,4,5,4,5,5,1,1,4,2,1,2,1,1,1,2,SISVAR,3,GEODA,2,SAS
07/12/2023 16:36:31,63,Feminino,30,,Não,Esalq/Icmc,5,5,5,5,5,5,5,5,5,5,5,5,5,5,5,5,5,5,5,5,5,5,1,5,5,5,5,5,5,,,3,,,,3,,,,,,,,
20/11/2023 16:07:42,63,Masculino,33,Bacharelado em Estatística ,Sim,USP,4,4,4,,4,4,4,4,,,,,4,,4,4,4,4,,4,,4,,3,,4,2,4,3,1,1,3,2,1,2,1,1,1,,,,,,
08/12/2023 17:33:44,63,Feminino,40,Estatística,Sim,IME USP,5,5,5,5,4,5,5,4,5,5,5,5,5,5,5,4,5,5,3,5,3,5,1,5,5,5,5,5,2,1,1,5,2,1,5,1,1,1,,,,,,
07/12/2023 17:51:23,64,Masculino,20,Engª. Agronômica,Não,Unesp,5,5,4,5,5,4,5,5,5,5,5,1,5,5,5,5,4,5,5,5,5,5,1,1,5,5,5,5,5,1,1,3,1,1,1,1,1,1,,,,,,
22/11/2023 11:06:25,64,Masculino,24,Estatística,Sim,Universidade de Southampton,5,3,3,4,4,5,4,4,5,3,4,3,4,4,4,3,4,4,3,3,3,4,1,5,,3,4,3,4,1,1,2,2,1,1,1,1,1,,,,,,
04/12/2023 08:16:58,64,Feminino,34,Pedagogia,Sim,No doutorado a tese foi em estatística na Psicologia Cognitiva da UFPE,5,5,5,4,4,5,4,4,5,5,5,2,4,5,5,4,5,4,2,5,2,5,2,5,5,5,4,5,,,,5,4,,,,,,,,,,,
21/11/2023 14:48:55,65,Feminino,20,Licenciatura em Matemática,Não,UNISANTOS - Licenciatura,5,3,3,3,5,5,5,4,3,5,5,1,4,3,5,5,4,5,1,5,3,5,1,5,5,5,5,5,1,1,1,5,1,1,1,1,,1,5,GeoGebra,,,,
22/11/2023 09:18:35,65,Masculino,20,Matemática,Sim,UEL/mestrado,5,4,5,4,3,4,4,3,5,4,4,4,3,4,3,4,5,4,4,4,4,3,4,4,5,3,4,4,1,1,1,5,2,1,1,1,1,1,,,,,,
23/11/2023 09:07:33,65,Masculino,30,Matemática,Não,,5,3,5,4,4,4,4,4,4,5,4,4,4,5,4,4,5,3,4,4,3,5,1,4,5,5,4,5,4,1,1,4,4,1,1,1,1,1,,,,,,
21/11/2023 07:57:36,65,Masculino,32,Engenharia,Não,UFJF,5,3,4,4,5,4,5,5,1,1,1,1,5,4,3,5,5,4,3,1,3,4,1,5,4,4,5,4,5,,,4,3,,,,,,5,STATA,,,,
21/11/2023 20:03:58,65,Masculino,42,Engenharia Agronômica,Sim,ESALQ- USP,5,3,5,5,5,4,5,5,3,3,3,5,5,5,5,3,5,4,1,3,1,5,1,4,5,5,4,5,5,1,1,5,2,1,2,1,1,1,3,Acton Stat,,,,
07/12/2023 20:53:02,66,Masculino,5,Ciências Econômicas ,Não,Ufpa,5,5,5,5,5,4,4,5,4,3,5,4,5,3,4,5,5,5,5,4,4,4,3,5,5,5,5,4,3,1,1,5,5,,3,3,1,5,5,JAMOVI,,,,
21/11/2023 10:27:26,66,Masculino,43,"Bacharelado em Estatística, UFSCar",Sim,"IGCE/UNESP, campus Rio Claro, SP",5,5,5,4,4,4,4,4,3,5,5,5,4,5,5,4,4,4,5,4,4,4,1,4,4,4,4,4,4,1,1,5,1,1,1,1,1,1,4,BioEstat,,,,
20/11/2023 23:35:41,67,Feminino,30,Estatística,Sim,Unicamp,,,4,,,4,,,,1,,2,,4,,,4,,2,,2,,1,,4,,,,1,2,1,5,5,1,2,1,1,1,3,Geogebra,,,,
29/11/2023 10:51:03,69,Masculino,18,BACHAREL EM CIENCIAS POLÍTICAS E SOCIAIS (Escola de Sociologia e Política de São Paulo,Não,Eu fiz mesttada em Socilogia na UFPE e obtive conhecimentos plenos em estatpisticas aplicadas a Ciências Humanas. conhecimentos aplicados na dissertação,4,4,4,3,3,3,2,2,1,5,1,1,3,4,1,4,4,2,2,4,2,4,2,3,3,4,4,4,1,1,,4,4,1,1,1,,1,,,,,,
28/11/2023 14:43:09,69,Masculino,30,Estatística,Sim,PUC-Rio,5,4,4,4,5,4,4,5,5,5,5,5,5,5,5,4,5,4,5,5,5,5,1,5,5,5,4,5,5,1,1,2,2,1,1,5,1,1,,,,,,
23/11/2023 17:53:13,71,Masculino,45,Licenciatura em Matemática,Sim,"Mestrado- IME USP,  Doutorado- Virginia Tech- Estados UnidosxB",4,5,4,4,3,5,2,3,5,5,5,3,3,5,5,3,5,4,3,3,3,5,1,5,4,5,5,5,3,1,1,4,1,3,2,1,1,1,,,,,,
12/01/2024 11:20:02,72,Masculino,40,Engenharia,Sim,USP SÃO PAULO,2,2,2,2,2,5,5,5,1,1,2,1,5,5,1,2,5,2,5,5,5,5,1,5,5,5,2,5,5,1,1,4,4,,1,1,1,2,1,Tabwin,,,,
05/12/2023 13:35:13,74,Masculino,45,"Estatística, Pedagogia, Engenharia e Administracat",Não,Instituto Militar de Engenharia (atual),4,4,4,4,4,4,4,4,1,1,4,4,4,4,1,4,4,4,3,4,3,4,1,4,4,4,4,4,2,1,1,5,2,1,2,1,1,1,,,,,,
27/11/2023 19:35:57,75,Masculino,40,Matemática ,Sim,University of East Anglia - UK,5,5,5,5,4,5,5,4,5,,5,1,4,5,5,5,5,5,,5,1,5,1,5,5,5,5,5,5,1,1,3,3,1,1,1,3,1,,,,,,
21/11/2023 13:08:42,77,Feminino,48,"História Natural (hoje, Ciências Biológicas)",Não,"Tenho Doutorado em Ciências, área Genética",5,4,5,3,4,4,3,4,2,2,2,1,4,4,4,4,5,5,2,4,2,5,1,5,4,5,4,5,1,1,1,5,5,1,1,1,1,2,5,WinPEPI,,,,
22/11/2023 10:33:59,79,Feminino,53,Bacharelado e Licenciatura Matemática USP,Sim,USP ,5,3,4,5,5,4,5,5,3,3,3,4,5,3,5,5,4,5,4,1,1,5,1,5,5,3,5,5,3,1,1,2,1,4,5,1,1,1,,,,,,
11/12/2023 09:11:10,,Feminino,8,Bacharelado em Estatística,Sim,Universidad de Cadiz - Espanha,5,3,4,3,4,4,5,4,4,3,3,1,5,4,4,3,5,3,3,3,3,3,1,5,3,5,3,5,5,1,1,4,2,1,2,1,1,1,,,,,,
15/12/2023 06:55:52,,Masculino,12,Matemática,Não,Universidade Federal da Fronteira Sul - UFFS,,5,5,5,5,5,5,5,2,3,3,4,5,5,3,3,5,5,5,4,4,,2,5,5,5,5,5,,1,1,4,2,1,1,1,1,1,5,Planilhas CALC - Pacote LibreOffice,5,APP ESTATÍSTICA GTED/UFFS,5,APP SIMULADOR DE PROBABILIDADE
